<?xml version="1.0"?>
<!DOCTYPE hibernate-mapping PUBLIC "-//Hibernate/Hibernate Mapping DTD 3.0//EN"
"http://www.hibernate.org/dtd/hibernate-mapping-3.0.dtd">
<!-- Generated May 13, 2020 1:45:47 AM by Hibernate Tools 4.3.1 -->
<hibernate-mapping>
    <class name="Library.Model.Bookcategory" table="bookcategory" schema="public" optimistic-lock="version">
        <id name="categoryid" type="string">
            <column name="categoryid" length="20" />
            <generator class="assigned" />
        </id>
        <property name="categoryname" type="string">
            <column name="categoryname" length="15" />
        </property>
    </class>
</hibernate-mapping>
