<?xml version="1.0"?>
<!DOCTYPE hibernate-mapping PUBLIC "-//Hibernate/Hibernate Mapping DTD 3.0//EN"
"http://www.hibernate.org/dtd/hibernate-mapping-3.0.dtd">
<!-- Generated May 13, 2020 1:45:47 AM by Hibernate Tools 4.3.1 -->
<hibernate-mapping>
    <class name="Library.Model.Checkout" table="checkout" schema="public" optimistic-lock="version">
        <id name="clientname" type="string">
            <column name="clientname" length="15" />
            <generator class="assigned" />
        </id>
        <property name="bookname" type="string">
            <column name="bookname" length="15" />
        </property>
        <property name="author" type="string">
            <column name="author" length="15" />
        </property>
        <property name="returndate" type="date">
            <column name="returndate" length="13" />
        </property>
        <property name="status" type="string">
            <column name="status" length="10" />
        </property>
    </class>
</hibernate-mapping>
