<?xml version="1.0"?>
<!DOCTYPE hibernate-mapping PUBLIC "-//Hibernate/Hibernate Mapping DTD 3.0//EN"
"http://www.hibernate.org/dtd/hibernate-mapping-3.0.dtd">
<!-- Generated May 13, 2020 1:45:47 AM by Hibernate Tools 4.3.1 -->
<hibernate-mapping>
    <class name="Library.Model.Book" table="book" schema="public" optimistic-lock="version">
        <id name="bookId" type="string">
            <column name="book_id" length="10" />
            <generator class="assigned" />
        </id>
        <property name="title" type="string">
            <column name="title" length="15" />
        </property>
        <property name="publishinghouse" type="string">
            <column name="publishinghouse" length="20" />
        </property>
        <property name="dateofpublication" type="date">
            <column name="dateofpublication" length="13" />
        </property>
        <property name="author" type="string">
            <column name="author" length="10" />
        </property>
        <property name="pages" type="java.lang.Integer">
            <column name="pages" />
        </property>
        <property name="bookcategory" type="string">
            <column name="bookcategory" length="30" />
        </property>
    </class>
</hibernate-mapping>
